fecha,hora,latitud,longitud,profundidad,magnitud,intensidad,referencia,reporte_acelerometrico_pdf
,,-15.83,-75.27,31,3.8,,"53 km al Oeste-SO de Lomas, Caraveli-Arequipa",
,,-4.5,-76,155,4.4,,155 km al Norte de Yurimaguas-Loreto,
,,-15.85,-74.19,66,3.7,,"6 km al este de Chala, Caravelí-Arequipa",
,,-9.59,-73.9,143,4.1,,"119 km al Este de Puerto Inca, Puerto Inca-Huánuco",
,,-4.87,-77.71,12,3.8,,"37 km al Sur-SE de Sta. Maria de Nieva, Condorcanqui-Amazonas",
,,-15.92,-73.08,98,4.2,II-III Caravelí,34 Km al Este-SE de Caravelí,
,,-8.94,-75.05,28,5.1,"IV Puerto Inca, Aguaytia, Curimaná; III Pucallpa; II Tingo María, Huánuco","49 km al Norte-NO de Puerto Inca, puerto Inca-Huánuco",
,,-15.41,-74.79,69,3.9,"II Lomas, Acarí","18 km al Norte-NE de Lomas, Caravelí-Arequipa",
,,-13.56,-74.41,21,3.8,,"7 km al Oeste-NO de Chuschi, Cangallo-Ayacucho",
,,-8.66,-74.47,167,4.6,,"33 km al Sur de Pucallpa, Coronel Portillo - Ucayali",
,,-10.81,-74.66,21,4.1,,"49 km al Norte de Satipo, Satipo - Junin",
,,-11.62,-77.73,45,4.1,"II Huaral, Huacho y Lima","59 km al Sur-SO de Huacho, Huaura - Lima",
,,-14.92,-73.62,142,4.1,,20 km al Este-NE de Coracora,
,,-10.66,-74.24,107,4,,53 km al Oeste de Atalaya,
,,-8.52,-80.06,43,4.1,,122 km al Oeste-SO de Trujillo,
,,-13.71,-74.7,86,4,,40 km al Oeste-SO de Chuschi,
,,-8.44,-74.83,149,4.7,,34 km al Oeste-SO de Pucallpa,
,,-15.02,-72.28,122,4.2,,53 km al Norte de Andagua,
,,-14.5,-76.64,7,4,,100 km al Sur-SO de Pisco,
,,-4.34,-81.83,10,4,,68 km al Oeste-NO de Talara,
,,-16.16,-73.29,87,4,,36 km al Nor-Oeste de Ocoña,
,,-5.92,-81.13,31,4, II Bayovar,54 km al Sur-Oeste de Sechura,
,,-18.3,-69.63,150,4.7, II Tacna,73 km al Este-SE de Tacna,
,,-15.92,-72.95,108,4.1,,33 km al Oeste-SO de Chuquibamba,
,,-15.55,-71.38,170,4.4,,26 km al Este-NE de Chivay,
,,-16.05,-74.9,27,7.1, VI Lomas,54 km al Sur de Lomas,
,,-15.85,-74.82,52,4,,32 km al Sur de Lomas,
,,-15.6,-71.28,177,4.5,,34 km al Este de Chivay,
,,-6.45,-75.96,95,4,,47 km al Este de Tarapoto,
,,-15.92,-74.82,50,4,,39 km al Sur de Lomas,
,,-15.92,-74.68,53,5.1, II-III Lomas,34 km al Sur-SO de Yauca,
,,-9.01,-75.72,130,4,,24 km al Oeste de Aguaytía,
,,-8.42,-79.43,52,4.2, II Trujillo,56 km al Sur-Oeste de Trujillo,
,,-13.35,-74.7,103,5.1, III Ayacucho,40 km al Sur de Lircay,
,,-15.93,-74.56,23,4.1, III Yauca,31 km al Sur de Yauca,
,,-16.01,-74.77,41,5, III Lomas,48 km al Sur-Oeste de Yauca,
,,-3.91,-80.05,106,4.4,,51 km al Sur-SE de Zarumilla,
,,-13.76,-76.43,37,4.1, III Pisco,25 km al Oeste-SO de Pisco,
,,-6.81,-81,37,4,,118 km al Oeste de Pimentel,
,,-15.95,-74.77,48,5, III-IV Yauca,42 km al Sur-Oeste de Yauca,
,,-3.13,-75.89,165,5,,62 km al Este-SE de Pastaza,
,,-10.54,-74.94,120,5.1, III Puerto Bermudez,28 km al Sur de Puerto Bermudez,
,,-4.08,-80.94,28,4.5, II-III Máncora,12 km al Este-NE de Mancora,
,,-2.74,-76.76,46,4.4,,44 km al Oeste-NO de Pastaza,
,,-4.86,-80.84,26,4,,17 km al Oeste-NO de Sullana,
,,-6.96,-81.11,29,4,,131 km al Oeste de Pimentel,
,,-9.84,-78.79,43,4.1,,68 km al Sur-Oeste de Casma,
,,-12.24,-72.28,3,4.4,,50 km al Sur de Fitzcarrald,
,,-4.83,-76.52,39,4.7,,103 km al Oeste-NO de Lagunas,
,,-4.09,-78,19,4.4,,57 km al Norte-NO de Sta. María de Nieva,
,,-15.99,-74.49,47,4.4, II-III Yauca,31 km al Oeste-SO de Chala,
,,-15.94,-74.87,42,4.6, II-III Lomas,41 km al Sur de Lomas,
,,-9.28,-72.46,154,4.2,,194 km al Oeste-NO de Esperanza,
,,-16.01,-74.51,49,4.4, II-III Chala,34 km al Oeste-SO de Chala,
,,-16.03,-74.83,34,4.7, II-III Lomas,51 km al Sur de Lomas,
,,-15.94,-74.88,46,4,,41 km al Sur de Lomas,
,,-8.2,-74.34,191,4.4,,28 km al Nor-Este de Pucallpa,
,,-15.9,-74.33,77,4.3, II Chala,11 km al Oeste-SO de Chala,
,,-16.09,-74.73,36,5.5, IV Yauca,52 km al Sur-SO de Yauca,
,,-1.76,-77.52,22,5.5,,178 km al Nor-Oeste de Pastaza,
,,-1.35,-78.02,260,5.1,,249 km al Nor-Oeste de Pastaza,
,,-8.44,-79.36,49,5, IV Salaverry,50 km al Oeste-SO de Salaverry,
,,-15.85,-74.64,49,4.4,,25 km al Sur-SO de Yauca,
,,-17.43,-70.96,23,4.8, IV-V Moquegua,27 km al Sur de Moquegua,
,,-12.75,-78.19,31,4.5,,138 km al Oeste-SO de Callao,
,,-6.15,-76.72,142,4.5,,31 km al Este-SE de Moyobamba,
,,-16.02,-74.61,30,4.8, III Yauca,41 km al Sur-SO de Yauca,
,,-3.22,-81.11,24,4.3,,71 km al Nor-Oeste de Zorritos,
,,-15.97,-74.66,31,4.3, II-III Yauca,37 km al Sur-SO de Yauca,
,,-6.88,-76.19,131,4.2,,34 km al Este de Picota,
,,-17.76,-69.72,166,4.4,,46 km al Sur-Este de Tarata,
,,-15.4,-71.96,151,4.2,,24 km al Norte de Cabanaconde,
,,-7.22,-80.45,33,4.1, II Chiclayo,72 km al Sur-Oeste de Pimentel,
,,-16.67,-74.08,32,5.2, III-IV Atico,71 km al Sur-Oeste de Atico,
,,-15.95,-74.58,26,4.3,,33 km al Sur de Yauca,
,,-10.73,-78.68,32,4.5, II Huarmey,93 km al Sur-Oeste de Huarmey,
,,-4.56,-82.08,15,4.1,,90 km al Oeste de Talara,
,,-11.87,-76.34,110,4.2, II Tamboraque,6 km al Este-SE de Matucana,
,,-15.12,-75.37,53,4,,34 km al Nor-Oeste de San Juan de Marcona,
,,-6,-81.33,27,4.3, II Paita,76 km al Sur-Oeste de Sechura,
,,-6.21,-76.49,135,4.1,,24 km al Norte de Lamas,
,,-5.97,-81.42,20,4.9,,82 km al Sur-Oeste de Sechura,
,,-13.39,-76.88,44,4, II San Vicente de Canete,64 km al Oeste-SO de San Vicente de Cañete,
,,-15.99,-74.07,49,4.6, III Chala,24 km al Sur-Este de Chala,
,,-16.77,-69.8,196,4.4,,17 km al Sur-SO de Conduriri,
,,-13.76,-73.53,96,4.2,,19 km al Sur-Oeste de Andahuaylas,
,,-11.12,-74.54,121,4.1,,18 km al Nor-Este de Satipo,
,,-13.31,-76.26,86,4.1,,19 km al Nor-Oeste de Chincha Alta,
,,-4.49,-73.98,288,4,,45 km al Oeste de Nauta,
,,-8.51,-75.87,10,4.3,,55 km al Norte-NE de Aucayacu,
,,-15.2,-71.57,161,4.5,,48 km al Norte de Chivay,
,,-8.85,-75.75,143,4.1,,35 km al Nor-Oeste de Aguaytía,
,,-13.46,-76.51,38,4.3,,35 km al Oeste de Tambo de Mora,
,,-16.01,-74.57,52,4.1,,40 km al Sur de Yauca,
,,-15.08,-75.61,28,4.3,,57 km al Oeste-NO de San Juan de Marcona,
,,-2.49,-80.45,108,4.3,,114 km al Norte de Zarumilla,
,,-5.82,-81.13,23,4.7,,46 km al Sur-Oeste de Sechura,
,,-5.83,-81.18,33,4.1,,50 km al Sur-Oeste de Sechura,
,,-18.25,-71.48,27,4.3,,70 km al Sur-SO de Ilo,
,,-4.31,-80.78,14,4.2,,36 km al Sur-Este de Mancora,
,,-11.43,-73.22,28,4,,99 km al Sur-Este de Atalaya,
,,-8.15,-79.82,31,4.1,,87 km al Sur-SO de San Pedro de Lloc,
,,-13.88,-76.25,44,4.2, II Pisco,20 km al Sur-SO de Pisco,
,,-5.28,-76.77,101,4.3,,87 km al Norte-NE de Moyobamba,
,,-4.68,-78.11,27,4.4,,29 km al Oeste-SO de Sta. María de Nieva,
,,-12.94,-75.26,106,4.1,,36 km al Oeste-SO de Huancavelica,
,,-2.74,-75.37,124,4.5,,115 km al Este de Pastaza,
,,-8.9,-76.09,14,4.2, III Aucayacu,6 km al Norte-NE de Aucayacu,
,,-5,-81.25,28,4.2, III Paita,17 km al Oeste-NO de Paita,
,,-7.46,-76.2,144,4.5,,65 km al Este-SE de Juanjuí,
,,-10.36,-75.15,34,5.2, IV-V Puerto Bermudez,21 km al Oeste-SO de Puerto Bermudez,
,,-11.32,-73.37,13,4,,79 km al Sur-SE de Atalaya,
,,-8.09,-74.54,170,4,,31 km al Norte de Pucallpa,
,,-9.12,-79.36,37,4.1, II Chimbote,85 km al Oeste de Chimbote,
,,-17.19,-71.11,23,4, III Moquegua,19 km al Oeste de Moquegua,
,,-17.14,-70.79,114,4,,10 km al Sur-Este de Torata,
,,-14,-75.58,84,4,,15 km al Este-NE de La Tinguiña,
,,-15.77,-75.09,18,4,,34 km al Sur-Oeste de Lomas,
,,-7.75,-74.67,168,4.2,,58 km al Sur-Este de Contamana,
,,-4.77,-77.54,23,4.6,,43 km al Este-SE de Sta. María de Nieva,
,,-5.46,-80.25,54,4,,42 km al Sur-SO de Chulucanas,
,,-10.79,-78.46,55,4,,77 km al Oeste de Barranca,
,,-9.98,-78.91,48,4.2,,84 km al Oeste de Huarmey,
,,-9.01,-75.4,123,4,,11 km al Este-NE de Aguaytía,
,,-14.86,-73.91,100,4.2,,21 km al Nor-Oeste de Coracora,
,,-15.6,-73.99,65,4,,39 km al Nor-Este de Chala,
,,-9.15,-75.59,4,4,,16 km al Sur-Oeste de Aguaytía,
,,-15.72,-75.55,10,4,,57 km al Sur-Oeste de San Juan de Marcona,
,,-8.44,-80.21,6,4.1,,135 km al Oeste-SO de Trujillo,
,,-8.85,-74.89,37,4.1,,54 km al Sur-SE de Curimaná,
,,-10.89,-79.16,38,4.4,,143 km al Sur-Oeste de Huarmey,
,,-15.92,-74.72,48,4.6, III Lomas,36 km al Sur-Oeste de Yauca,
,,-12.36,-72.22,4,4.2,,64 km al Sur-SE de Fitzcarrald,
,,-15.32,-75.73,20,5.4, IV Nazca,60 km al Oeste de San Juan de Marcona,
,,-15.33,-75.75,20,4.9, III Nazca,62 km al Oeste de San Juan de Marcona,
,,-15.87,-72.24,149,4.2,,21 km al Sur de Choco,
,,-10.77,-74.74,20,4.1,,55 km al Norte-NO de Satipo,
,,-10.91,-78.53,51,5, III-IV Barranca,86 km al Oeste-SO de Barranca,
,,-14.08,-72.95,123,4.6,,26 km al Oeste de Chuquibambilla,
,,-15.29,-71.95,142,4,,37 km al Norte de Cabanaconde,
,,-9.66,-79.16,33,4.2,,86 km al Oeste-SO de Samanco,
,,-16.09,-74.55,49,5.1, III Chala,42 km al Sur-Oeste de Chala,
,,-8.63,-74.9,128,4.2,,36 km al Sur-Este de Curimaná,
,,-10.99,-74.89,11,4,,40 km al Nor-Oeste de Satipo,
,,-18.45,-69.47,138,4,,96 km al Este-SE de Tacna,
,,-7.18,-74.53,188,4.7,,56 km al Este-NE de Contamana,
,,-16.65,-72.87,52,4, II Camana,18 km al Oeste de Camaná,
,,-7.9,-74.56,174,4.9,,52 km al Norte de Pucallpa,
,,-16.94,-71.85,83,4.3, II Mollendo,19 km al Este-NE de Mollendo,
,,-18.13,-70.99,41,4, II Locumba,62 km al Sur-SO de Locumba,
,,-11.31,-73.28,33,4,,84 km al Sur-Este de Atalaya,
,,-8.47,-73.85,165,4.1,,76 km al Este de Pucallpa,
,,-8.83,-74.51,148,4.7, II Pucallpa,51 km al Sur de Pucallpa,
,,-9.22,-78.69,84,4.1, II Chimbote,20 km al Sur-SO de Chimbote,
,,-10.33,-75.1,35,4.3, II-III Puerto Bermudez,15 km al Oeste-SO de Puerto Bermudez,
,,-8.84,-75.76,138,4.1,,36 km al Nor-Oeste de Aguaytía,
,,-9.51,-79.99,26,4.3,,162 km al Oeste-SO de Chimbote,
,,-14.4,-74.4,96,4.8, II Huanca Sancos,44 km al Nor-Oeste de Puquio,
,,-6.9,-76.91,124,4.1,,16 km al Oeste-NO de Saposoa,
,,-4.01,-80.9,27,4, II Mancora,19 km al Nor-Este de Mancora,
,,-10.66,-75.07,8,4.3,,26 km al Este-NE de Villa Rica,
,,-16.09,-73.05,23,4.1,,38 km al Norte de Ocoña,
,,-9,-79.32,43,4.5, III Chimbote,80 km al Oeste de Chimbote,
,,-6.92,-74.39,174,4.7,,83 km al Nor-Este de Contamana,
,,-12.97,-75.17,110,4.4,,29 km al Sur-Oeste de Huancavelica,
,,-10.5,-74.62,121,4,,45 km al Este-SE de Puerto Bermudez,
,,-12.68,-76.99,42,4.1, III Chilca,33 km al Oeste-SO de Chilca,
,,-16.16,-74.55,18,4, II Chala,47 km al Sur-Oeste de Chala,
,,-12.34,-78.39,22,4.5,,140 km al Oeste-SO de Callao,
,,-15.83,-75.45,10,4.2,,60 km al Sur-SO de San Juan de Marcona,
,,-10.51,-74.92,130,4.2,,25 km al Sur-SE de Puerto Bermudez,
,,-16.23,-73.7,31,4.1, II Atico,9 km al Oeste de Atico,
,,-16.33,-72.75,90,4.1,,33 km al Norte de Camaná,
,,-8.99,-79.37,39,4.5, II-III Chimbote,86 km al Oeste de Chimbote,
,,-8.89,-74.5,153,4.5,,58 km al Sur de Pucallpa,
,,-18.09,-69.63,143,4.3,,67 km al Este de Tacna,
,,-12.52,-76.38,94,4,,18 km al Este de Calango,
,,-6.45,-80.89,24,4.4,,100 km al Sur de Sechura,
,,-5.2,-79.1,118,4,,14 km al Oeste-SO de San Ignacio,
,,-18.29,-69.84,127,4.3,,53 km al Sur-Este de Tacna,
,,-16.17,-74.28,23,4.4, II-III Chala,36 km al Sur de Chala,
,,-8.07,-79.44,56,4.4, III Trujillo,45 km al Oeste de Trujillo,
,,-13,-76.15,95,4.1, II Lunahuaná,5 km al Sur-SO de Lunahuaná,
,,-15.9,-74.25,45,4.3, II-III Chala,5 km al Sur-SO de Chala,
,,-16.24,-72.23,125,4.9, III Camaná,34 km al Este-SE de Aplao,
,,-3.09,-77.01,154,4.2,,71 km al Oeste-SO de Pastaza,
,,-13.59,-76.31,45,4.4, II-III Pisco,18 km al Nor-Oeste de Pisco,
,,-11.43,-74.75,48,4,,23 km al Sur-SO de Satipo,
,,-4.34,-80.54,48,4.1,,33 km al Norte de Lancones,
,,-9.94,-75.67,10,4, II Pozuzo,25 km al Nor-Oeste de Pozuzo,
,,-6.11,-80.69,25,4.3, II Sechura,64 km al Sur-SE de Sechura,
,,-12.16,-76.37,84,4,,36 km al Sur de Matucana,
,,-12.79,-76.87,49,5.5, V Mala,30 km al Oeste-SO de Mala,
,,-8.96,-73.57,133,4.2,,125 km al Este-SE de Pucallpa,
,,-10.75,-74.77,116,4.5,,55 km al Sur-SE de Puerto Bermudez,
,,-8.42,-75.7,130,4.5,,59 km al Oeste de Curimaná,
,,-11.26,-78.15,48,4.9, III-IV Huacho,61 km al Oeste-SO de Huacho,
,,-9.11,-80.67,35,5.1,,211 km al Oeste-SO de Trujillo,
,,-12.15,-71.74,13,5.1, III Quillabamba,78 km al Este-SE de Fitzcarrald,
,,-12.13,-71.76,13,4.4,,75 km al Este-SE de Fitzcarrald,
,,-18.01,-71.52,39,4,,45 km al Sur-SO de Ilo,
,,-17.22,-72.82,18,4,,68 km al Sur de Camaná,
,,-6.55,-80.91,11,4.5,,112 km al Sur de Sechura,
,,-6.55,-81.01,27,4.3,,113 km al Sur de Sechura,
,,-6.56,-80.94,26,4.2,,113 km al Sur de Sechura,
,,-9.05,-75.48,20,4.2,,3 km al Sur-Este de Aguaytía,
,,-9.27,-79.29,34,4.4, II-III Chimbote,80 km al Oeste-SO de Chimbote,
,,-11.98,-77.72,27,3.8,II Lima,64 km al Oeste de Callao,
,,-11.91,-76.34,16,3.4,II Matucana,9 km al Sur-Este  de Matucana,
,,-16.88,-71.62,26,3.7,III Punta de Bombon,37 km al Norte-NE  de Punta de Bombón,
,,-11.92,-76.35,23,3.3,II Matucana,10 km al Sur-SE    de Matucana,
,,-19.07,-69.7,113,6.2,IV Tacna,131 km al Sur-SE    de Tacna,
,,-16.53,-72.15,53,3.8,II Arequipa,26 km al Oeste-SO  de Vitor,
,,-9.28,-78.66,23,3.5,II Chimbote,18 km al Oeste de Samanco,
,,-15.82,-70.73,8,3.7,II Santa Lucía,21 km al Sur-Oeste de Santa Lucia,
,,-10.46,-75.5,14,3.8,II Oxapampa,8 km al Sur-SE de Huancabamba,
,,-17.53,-70.73,20,3.7,II-III Locumba,9 km al Norte-NE  de Locumba,
,,-15.78,-72.14,15,3.4,II Huambo,6 km al Sur-SO de Huambo,
,,-17.4,-70.96,24,3.7,II Moquegua,24 km al Sur de Moquegua,
,,-15.71,-72.05,9,3.4,II Huambo,6 km al Este-NE de Huambo,
,,-15.7,-72.05,9,3.5,II Huambo,7 km al Este-NE de Huambo,
,,-11.43,-75.39,13,3.9,II Tarma,33 km al Este de Tarma,
,,-17.51,-71.2,51,4.2,II-III Ilo,21 km al Nor-Este de Ilo,
,,-12.52,-77.05,45,3.7,II Chilca,34 km al Oeste de Chilca,
,,-14.26,-71.27,9,3.4,III Sicuani,4 km al Oeste-NO de Sicuani,
,,-12.52,-76.88,52,3.9,II-III Chilca,16 km al Oeste de Chilca,
,,-12.54,-76.9,52,3.8,II Chilca,18 km al Oeste-SO  de Chilca,
,,-12.53,-76.8,47,3.8,II Chilca,7 km al Oeste-SO de Chilca,
,,-12.61,-76.97,42,3.9,II Chilca,27 km al Oeste-SO de Chilca,
,,-11.88,-77.39,59,3.6,II Ancon,27 km al Oeste-SO de Ancon,
,,-16.62,-71.76,24,3.7,II Vitor,26 km al Sur-Este de Vitor,
,,-16.61,-71.75,23,3.8,II Vitor,25 km al Sur-Este de Vitor,
,,-16.62,-71.75,25,3.7,II Vitor,26 km al Sur-Este de Vitor,
,,-15.65,-71.8,8,3.2,II Pinchollo,3 km al Sur-Este de Pinchollo,
,,-16.65,-69.18,233,4.2,,"18 km al Oeste-SO de Desaguadero, Chucuito-Puno",
,,-4.71,-80.27,66,4,,"44 km al Norte-NO de Chulucanas, Morropon - Piura",
,,-15.69,-71.94,8,3.3,II Cabanaconde,"9 km al Sur-SE de Cabanaconde, Caylloma - Arequipa",
,,-16.17,-73.42,67,4.5,"III Atico; II Caraveli, Ocoña, Camana","21 Km al Este-NE de Atico, Caraveli - Arequipa",
,,-8.39,-74.36,152,5.1,,19 km al este de Pucallpa,
,,-10.05,-75.25,9,4,,"33 km al Este-NE de Pozuzo, Oxapampa-Pasco",
,,-12.81,-73.94,63,4.3,,"23 km al Norte-NE de San Miguel, La Mar - Ayacucho",
,,-15.32,-72.38,142,4,,"19 km al Norte de Andagua, Castilla - Arequipa",
,,-14.76,-75.54,50,4.5,"II-III Palpa, Nazca, Ica, San Juan de Marcona","46 km al Oeste-SO de Palpa, Palpa-Ica",
,,-4.13,-79.76,97,3.8,II Ayabaca,57 km al Norte de Ayabaca,
,,-13.57,-72.61,8,4.2,II-III Limatambo,"20 km al Oeste-SO de Limatambo, anta.Cusco",
,,-17.71,-71.31,17,3.5,II Ilo,"8 km al Sur-SE de Ilo, Ilo-Moquegua",
,,-15.93,-73.24,92,4.3,II-III Caraveli; II Camana,"22 km al SE de Caraveli, Caraveli-Arequipa",
,,-15.7,-71.85,11,3.5,II Pinchollo,"7 km al Sur-SO de Pinchollo, Caylloma-Arequipa",
,,-17.02,-70.91,11,3.3,II Torata,"9 km al Nor-Oeste de Torata, Mariscal Nieto-Moquegua",
,,-8.38,-74.89,135,3.9,II Pucallpa,40 km al Oeste de Pucallpa,
,,-12.56,-76.03,104,4.1,,"18 km al SO de Yauyos, Yauyos-Lima",
,,-17.48,-72.39,22,4.2,,"64 km al SO de Mollendo, Islay-Arequipa",
,,-9.93,-75.57,17,4.8,"IV Pozuzo; III Huánuco, Tingo Maria; II Cerro de Pasco, La Merced",22 km al Norte de Pozuzo-Pasco,
,,-10.22,-79.81,32,4.1,,180 km al Sur-Oeste de Samanco-Ancash,
,,-15.79,-72.01,13,3.6,II Huambo,"13 km al Este-SE de Huambo, Caylloma-Arequipa",
,,-9.91,-78.93,16,4.1,,85 km al Sur-Oeste de Casma,
,,-9.37,-79.35,38,4.8,"III Chimbote, Samanco; II Casma, Trujillo, Salaverry, Yungay",90 km al Oeste-SO de Chimbote,
,,-16.46,-73.3,40,4.1,"II-III Ocoña; II Camana, Caravelí",23 Km al Oeste de Ocoña,
,,-9.01,-75.75,10,4.2,,28 km al Oeste de Aguaytía,
,,-15.77,-72.02,13,3.6,"III Huambo, Cabanaconde; II Maca",11 km al Este-SE de Huambo-Arequipa,
,,-11.84,-77.65,48,3.8,"II Lima, Ancón",53 km al Oeste de Ancón,
,,-12,-77.24,67,4,II Lima,"24 km al Oeste de Lima, Lima - Lima",
,,-8.74,-80.36,9,4,,163 km al Oeste-SO de Trujillo,
,,-15.48,-74.49,85,4,,"14 km al Este-SE de Acari, Caraveli - Arequipa",
,,-18.69,-70.01,135,4.3,,79 km al Sur-SE de Tacna-Tacna,
,,-10.83,-78.46,53,4.1,,77 km al Oeste de Barranca-Lima,
,,-8.27,-74.46,173,4.4,,14 km al Nor-Este de Pucallpa-Ucayali,
,,-15.69,-71.8,13,3.3,II Maca,"7 km  al Sur-SO de Maca, Caylloma - Arequipa",
,,-16.88,-71.76,22,3.5,II Mollendo,"32 km al Este-NE de Mollendo, Islay - Arequipa",
,,-8.69,-74.35,135,4.6,,"41 km al Sur-Este de Pucallpa, Coronel Portillo - Ucayali",
,,-8.57,-79.72,34,4.1,,"92 km al Sur-Oeste de Trujillo, Trujillo - La Libertad",
,,-15.05,-72.53,122,4.1,,"42 km al Este-NE de Cotahuasi, La Unión-Arequipa",
,,-12.51,-77.2,43,4.1,II-III Callao; II Lima,"51 km al Sur de Callao, Callao-Lima",
,,-8.33,-75.88,19,4.5,II Uchiza,"68 km al Este-NE de Uchiza, Tocache-San Martin",
,,-15.21,-74.43,92,4.6,"III Acari; II Nazca, Lomas, Palpa","30 km al NE de Acari, Caraveli-Arequipa",
,,-12.71,-76.99,44,4,"II Chilca, Lima",35 km al Sur-Oeste de Chilca,
,,-11.46,-73.89,148,4.1,,51 km al Este-SE de San Martín de Pangoa-Junin,
,,-12.63,-76.83,35,3.8,"II Chilca, Lima",17 km al Sur-Oeste de Chilca,
,,-12.35,-76.97,56,3.7,"II Chilca, Lima",31 km al Nor-Oeste de Chilca,
,,-17.78,-69.46,167,4.2,,"69 km al Este-SE de Tarata, Tarata - Tacna",
,,-7.51,-75.66,112,4.2,,"73 km al Oeste-SO de Contamana, Ucayali-Loreto",
,,-3.76,-80.09,84,4.1,,"35 km al SE de Zarumilla, Zarumilla-Tumbes",
,,-10.83,-78.42,38,4.2,II Barranca,"73 km al Oeste de Barranca, Barranca - Lima",
,,-12.67,-76.9,47,3.6,"II Chilca, Lima","24 km al SO de Chilca, Cañete-Lima",
,,-15.65,-71.92,14,3.5,II Cabanaconde,"8 km al Este-SE de Cabanaconde, Caylloma-Arequipa",
,,-15.64,-71.91,9,3.5,II Cabanaconde,"8 km al Este-SE de Cabanaconde, Caylloma - Arequipa",
,,-15.66,-71.9,12,3.4,II Cabanaconde,"10 km al Este-SE de Cabanaconde, Cayalloma - Arequipa",
,,-8.32,-77.79,13,3.8,II Corongo,"25 km al Norte-NE de Corongo,  Corongo - Ancash",
,,-15.67,-71.92,10,3.6,II Cabanaconde,"8 km al SE de Cabanaconde, Caylloma - Arequipa",
,,-15.88,-74.75,30,3.7,II Lomas,"36 km al Sur-SE de Lomas, Caravelí-Arequipa",
,,-12.2,-77.27,44,3.5,II Callao,"21 km al SO de Callao, Callao - Lima",
,,-4.49,-78.57,32,4,,"78 km al Oeste de Sta María de Nieva, Condorcanqui - Amazonas",
,,-18.19,-72.56,20,4.5,,"143 km al Oeste-SO de Ilo, Ilo - Moquegua",
,,-13.54,-72.7,12,3.4,II Abancay,"22 km al Este-NE de Abancay, Abancay - Apurimac",
,,-12.66,-76.88,48,3.9,"II Chilca, Calango",23 km al Sur-Oeste de Chilca,
,,-12.64,-76.85,48,3.7,II Chilca,19 km al Sur-Oeste de Chilca,
,,-14.86,-75.84,45,4,,"80 km al Oeste-SO de Palpa, Palpa-Ica",
,,-12.16,-77.28,44,3.3,II Callao,"19 km al Sur-Oeste de Callao, Callao-Lima",
,,-13.61,-71.73,12,3.5,"II Cusco, Andahuaylilla",10 km al Nor-Oeste de Andahuaylillas-Cusco,
,,-16.8,-71.44,19,3.6,"III Punta de Bombón; II Arequipa, Moquegua","47 km al Sur-SE de Arequipa, Arequipa, Arequipa",
,,-3.63,-77.74,132,4.6,,"107 km al Norte de Sta. Maria de Nieva, Condorcanqui-Amazonas",
,,-12.8,-76.89,54,3.7,II Mala,"33 km al Oeste-SO de Mala, Cañete - Lima",
,,-9.12,-79.32,27,4,,"80 km al Oeste de Chimbote, Santa-Ancash",
,,-5.87,-77.93,27,4,,"19 km al Oeste de Jumbilla, Bongara-Amazonas",
,,-9.6,-77.69,11,4,II Huaraz,"19 km al Oeste-SO de Huaraz, Huaraz - Ancash",
,,-5.12,-80.15,17,3.5,II Chulucanas,"3 km Sur-SE de Chulucanas, Morropon - Piura",
,,-17.69,-70.71,23,4,"II-III Locumba; II Ilo, Tacna","11 km al Sur-SE de Locumba, Basadre - Tacna",
,,-5.42,-77.57,95,4.3,,"57 km al Norte-NE de Jumbilla, Bongara - Amazonas",
,,-8.64,-77.71,12,3.6,II Sihuas,13 km al Sur-Oeste de Sihuas-Ancash,
,,-5.55,-76.68,160,4.7,,62 km al Norte-NE de Moyobamba-San Martín,
,,-12.27,-76.87,83,4.2,III Lima,"42 km al Sur-SO de Chosica, Lima - Lima",
,,-8.1,-74.37,181,4.2,,"34 km al Norte-NE de Pucallpa, Coronel Portillo-Ucayali",
,,-14.69,-76.12,18,4.6,II-III Ica,"81 km al Sur-SO de Ica, Ica-Ica",
,,-11.94,-73.16,120,4.1,,"88 km al Oeste de Fitzcarrald, Manu-Madre De dios",
,,-15.67,-75.44,15,4.1,,"45 km al SO de San Juan de Marcona, Nazca-Ica",
,,-15.67,-72.25,124,4,,"2 km al Este-NE de Choco, Castilla - Arequipa",
,,-12.69,-76.95,44,3.8,II Chilca,"30 km al Sur-Oeste de Chilca, Cañete - Lima",
,,-3.79,-80.77,21,3.8,II Zorritos,"18 km al Sur Oeste de Zorritos, Contralmirante Villar - Tumbes",
,,-7.67,-76.18,128,4.2,,"68 km al Norte-NE de Tocache Nuevo, Tocache-San Martin",
,,-12.66,-76.85,48,3.6,II Chilca,"21 km al Sur-Oeste de Chilca, Cañete-Lima",
,,-15.75,-71.77,9,3.4,"II Maca, Cabanaconde","13 km al Sur de Maca, Caylloma - Arequipa",
,,-12.97,-75.14,113,4.2,,"27 km al Sur-Oeste de Huancavelica, Huancavelica-Huancavelica",
,,-2.11,-77.72,162,5.1,,"171 km al Oeste-NO de Pastaza, Alto Amazonas-Loreto",
,,-10.25,-75.78,134,4.2,,"30 km al Oeste-SO de Pozuzo, Oxapampa-Pasco",
,,-15.7,-71.82,9,3.3,"II Pinchollo, Maca",7 km al Sur de Pinchollo,
,,-15.98,-74.99,31,4,,"48 km al Sur-SO de Lomas, Caravelí-Arequipa",
,,-11.29,-78.17,42,4,II Huacho,"65 km al Oeste-SO de Huacho, Huaura-Lima",
,,-13.91,-71.79,11,3.6,II Acomayo,"12 km al Oeste de Acomayo, Acomayo-Cusco",
,,-14.94,-73.83,98,4.5,,"10 km al Nor-Oeste de Coracora, Parinacochas-Ayacucho",
,,-8.62,-79.73,36,4.1,,"97 km al Oeste SO de Salaverry, Trujillo - La Libertad",
,,-8.06,-75.96,165,4.3,,"63 Km al Este-NE de Tocache Nuevo, Tocache, San Martín",
,,-8.65,-78.26,14,3.9,II Cabana,"41 km al SO de Cabana, Pallasca - Ancash",
,,-8.6,-77.77,14,3.7,II Corongo,"18 km al Este-SE de Corongo, Corongo-Ancash",
,,-12.68,-77.07,30,3.8,"II Chilca, Mala, Lima","40 km al Oeste-SO de Chilca, Cañete-Lima",
,,-15.67,-71.81,14,3.6,"III Pinchollo, Maca; II Chivay","3 km al Sur-SE de Pinchollo, Caylloma-Arequipa",
,,-15.69,-71.79,12,3.5,II Maca,"6 km al Sur-SO de Maca, Caylloma - Arequipa",
,,-15.7,-71.77,10,3.3,II Maca,"6 km al Sur de Maca, Caylloma - Arequipa",
,,-12.96,-76.69,59,3.8,"II Mala, Lunahuana","35 km al Sur-SO de Mala, Cañete - Lima",
,,-5.8,-81,35,4.1,,"34 km Sur-Oeste de Sechura, Piura",
,,-4.3,-77.02,103,4.1,,"100 Km al este-NE de Sta. María Nieva, Amazonas",
,,-19.63,-69.8,46,5.1,II Tacna,"187 km al Sur-SE de Tacna, Tacna - Tacna",
,,-12.2,-77.43,40,3.8,"II Lima, Callao",35 Km al Oeste-SO del Callao,
,,-16.15,-73.25,71,4.6,"III Ocoña, Camaná; II Arequipa, Caravelí, Atico","36 km al Norte-NO de Ocoña, Camaná - Arequipa",
,,-13.84,-71.53,12,3.7,"II Acomayo, Urcos","18 km al Este-NE de Acomayo, Acomayo - Cusco",
,,-12.28,-77.43,40,3.8,"II Lima, Callao","40 km al Sur-Oeste de Callao, Callao - Lima",
,,-17.79,-70.66,107,3.8,,"23 km al Sur-SE de Locumba, Jorge Basadre-Tacna",
,,-15.69,-71.77,10,3.5,"II Maca, Caylloma - Arequipa",5 Km al Sur de Maca,
,,-13.21,-75.21,102,4.1,,10 km al Norte-NO de Castrovirreyna,
,,-8.2,-74.35,148,4.2,,"28 km al NE de Pucallpa, Coronel Portillo-Ucayali",
,,-16.83,-73.14,44,4.1,II Camana,"51 km al Oeste-SO de Camana, Camana - Arequipa",
,,-3.3,-77.66,56,4.5,,"144 km al Norte de Sta. Maria de Nieva, Condorcanqui-Amazonas",
,,-13.57,-75.41,114,4,,"7 km al Oeste-NO de Huaytara, Huaytara-Huancavelica",
,,-6.57,-76.3,129,4.1,,"10 km  al Este-SE de Tarapoto, San Martín-San Martín",
,,-9.64,-75.22,127,4,,"41 km al SO de Puerto Inca, Puerto Inca - Huanuco",
,,-12.6,-76.83,53,3.7,II Chilca,"14 km al SO de Chilca , Cañete - Lima",
,,-15.36,-73.08,134,4.2,,"26 km al SO de Cotahuasi, La Union - Arequipa",
,,-12.12,-77.59,36,3.9,II Callao,"49 km al Oeste de Callao, Callao-Lima",
,,-14.11,-74.06,90,4.1,,"23 km al Oeste de Soras, Sucre-Ayacucho",
,,-12.32,-77.25,46,3.7,II Lima,"31 km al Sur-SO de Callao, Callao - Lima.",
,,-15.7,-71.77,13,3.4,II Maca,"7 km al Sur de Maca, Caylloma - Arequipa",
,,-19.67,-69.64,103,5,II Tacna,"195 km al Sur-SE de Tacna, Tacna - Tacna",
,,-7.48,-75.71,110,4,,"79 km al Oeste de Contamaná, Ucayali-Loreto",
,,-15.5,-71.97,43,3.9,,"14.km al Norte de Cabanaconde, Caylloma-Arequipa",
,,-17.14,-73.48,19,4.3,,"89 km al Sur-SO de Ocoña , Camana - Arequipa",
,,-17.4,-70.93,20,3.5,II Moquegua,"24 km al Sur de Moquegua, Mariscal Nieto - Moquegua",
,,-15.69,-71.79,8,3.4,II Pinchollo,"6 km al Sur-SO de Pinchollo, Caylloma - Arequipa",
,,-12.83,-76.87,49,4.1,"II Mala, Chilca, Lunahuana, San Vicente de Cañete, Lima","33 km al SO de Mala, Cañete - Lima",
,,-3.94,-78.17,116,4.2,,"79 km al NO de Sta Maria de Nieva, Condorcanqui - Amazonas",
,,-15.38,-70.92,12,3.7,II Ocuviri,"23 km al Sur de Ocuviri, Lampa - Puno",
,,-15.73,-70.42,235,4.4,,"20 km al Este-SE de Santa Lucia, Lampa-Puno",
,,-15.7,-71.84,13,3.4,II Maca,"7 km al Sur-SO de Pinchollo, Caylloma-Arequipa",
,,-15.69,-71.86,12,3.5,II Pinchollo,"7 km al SO de Pinchollo, Caylloma-Arequipa",
,,-15.73,-71.88,13,4,"III-IV Cabanaconde, Huambo, Pinchollo; II-III Maca, Chivay; II Arequipa","11 Km al Sur-SO de Pinchollo, Caylloma-Arequipa",
,,-15.49,-72.19,145,4,,"10 km al Este de Chachas, Castilla-Arequipa",
,,-15.71,-71.83,15,3.6,II Pinchollo,"8 km al Sur de Pinchollo, Caylloma - Arequipa",
,,-14.51,-73.5,11,3.7,II Pampamarca,"9 km al NE de Pampamarca, Parinacochas - Ayacucho",
,,-3.04,-75.64,167,5.4,,"86 km al Este de Pastaza, Alto Amazonas - Loreto",
,,-3.04,-75.64,167,5.4,,"86 km al Este de Pastaza,  Alto Amazonas - Loreto",
,,-13.59,-76.92,13,4.1,,"79 km al Oeste de Pisco, Pisco-Ica",
,,-3.52,-77.37,122,4.5,,"128 km al Oeste-SO de Pastaza, Alto Amazonas-Loreto",
,,-17.35,-69.67,173,5.1,"III Capaso, Tarata; II Curibaya, Tacna, Ilo, Moquegua","40 km al Este-NE de Tarata, Tarata-Tacna",
,,-9.34,-76.12,29,4.5,"II-III Tingomaria,  Aucayacu ; II Huánuco","14 km al Oeste-SO de Tingo Maria, Leoncio Prado-Huánuco",
,,-10.77,-70.82,657,7,"IV Esperanza, Iñapari, Fitzcarrald, Pucallpa","109 km al Sur de Esperanza, Purus - Ucayali",
,,-5.3,-77.77,21,4.2,,"66 km al Norte de Jumbilla, Bongara - Amazonas",
,,-11.27,-70.66,637,4.8,,"116 km al Oeste de Iñapari, Tahuamanu - Madre De Dios",
,,-18.34,-69.73,139,4,,"66 km al Este-SE de Tacna, Tacna - Tacna",
,,-8.69,-75.42,18,4.1,,"40 km al Sur-Oeste de Curimaná, Padre Abad - Ucayali",
,,-9.83,-78.84,32,4.5,"II Casma, Samanco, Huarmey, Chimbote","71 km al Sur-Oeste de Casma, Casma-Ancash",
,,-12.44,-76.62,96,3.8,,"12 km al Nor-Oeste de Calango, Cañete-Lima",
,,-17.78,-70,135,4.7,,"26 km NE de Calana, Tacna - Tacna",
,,-10.13,-75.56,138,3.9,,"2 km al Oeste-SO de Pozuzo, Oxapampa-Pasco",
,,-15.64,-75.74,29,4.4,,"69 km al Oeste-SO de san Juan de Marcona, Nazca-Ica",
,,-15.96,-74.7,33,4.6,"III Yauca, Lomas, Chala; II Caravelí","38 km al Sur SO de Yauca, Caravelí - Arequipa",
,,-10.39,-78.87,13,3.8,,"87 km al Oeste-SO de Huarmey, Huarmey-Ancash",
,,-14.85,-73.81,103,4.2,,"18 km al Norte-NO de Coracora, Parinacochas-Ayacucho",
,,-2.97,-78.75,143,4.3,,"179 al Este-NE de Zarumilla, Zarumilla-Tumbes",
,,-8.01,-74.6,169,4.1,,"40 km al Norte-NO de Pucallpa, Coronel Portillo-Ucayali",
,,-3.26,-77.57,115,4.7,,136 km al Oeste-SO de Pastaza - Alto Amazonas - Loreto,
,,-14.03,-76.23,35,4.5,"II Pisco, Ica, Paracas, Chincha Alta","36 km al Sur de Pisco, Pisco-Ica",
,,-17.66,-72.87,6,4.1,,115 km al Sur-Oeste de Mollendo - arequipa,
,,-14.65,-75.62,46,4.1,"II Palpa, Nazca","49 km al Oeste-SO de Palpa, Palpa-Ica",
,,-17.6,-71.38,38,4,II Ilo,"6 km al NO de Ilo, Ilo-Moquegua",
,,-17.44,-71.5,33,3.8,II Ilo,"28 km al NO de Ilo, Ilo - Moquegua",
,,-14.59,-74.35,108,4,,"27 km al Oeste-NO de Puquio, Lucanas - Ayacucho",
,,-13.05,-75.05,109,4.2,,"30 km al Norte-NE de Castrovirreyna, Castrovirreyna, - Huancavelica",
,,-15.69,-71.78,13,3.4,II Maca,"5 km al Sur de Maca, Caylloma  - Arequipa",
,,-6.92,-76.78,136,4.3,,"3 km al Norte-NO de Saposoa, Huallaga - San Martin",
,,-2.27,-78.84,103,6.4,"IV Tumbes, Zarumilla, Ayabaca, San Ignacio","209 km al NE de Zarumilla, Zarumilla - Tumbes",
,,-15.85,-71.94,7,3.7,II Cabanaconde,"26 km al Sur de Cabanaconde, Caylloma - Arequipa",
,,-9.79,-76.24,132,4.7,"II-III Huanuco, Panao","16 km al Norte de Huanuco, Huanuco - Huanuco",
,,-15.72,-71.99,15,3.5,II Cabanaconde,12 Km al Sur de Cabanaconde,
,,-10.68,-78.65,44,4.5,,87 Km al Sur-Oeste de Huarmey - Ancash,
,,-4.63,-81.59,12,5,"III-IV Talara; III Mancora, Paita; II Sullana","36 km al Oeste de Talara, Talara-Piura",
,,-4.07,-76.14,125,4.9,,"133 km al Sur-SE de Pastaza, Alto Amazonas-Loreto",
,,-14.54,-75.6,38,4,,"45 km al Oeste de Palpa, Palpa-Ica",
,,-9.83,-78.81,41,4,II Casma,"69 km al Sur-Oeste de Casma, Casma - Ancash",
,,-9.81,-78.81,32,4,II Casma,"67 km al Oeste-SO de Casma, Casma - Ancash",
,,-15.7,-71.89,13,3.7,II Cabanaconde,13 Km al Sur-este de Cabanaconde,
,,-12.73,-76.66,34,3.5,II Mala,"10 km al Sur-SO de Mala, Cañete - Lima",
,,-17.87,-71.15,35,4,II Ilo,"33 km al Sur-Este de Ilo, Ilo - Moquegua",
,,-7.68,-74.56,165,4.4,,"62 km al Sur-Este de Contamana, Ucayali - Loreto",
,,-13.88,-75.95,40,4,,"30 km al Oeste-NO de la Tinguiña, Ica-Ica",
,,-15.65,-70.2,238,4.4,,"38 km al Sur-SE de Lampa, Lampa-Puno",
,,-16.39,-73.56,30,4.1,,"20km al Sur-SE de Atico, Caraveli - Arequipa",
,,-7.64,-74.6,154,5.1,"III-IV Contamana, Pucallpa","55 km al Sur-Este de Contamana, Ucayali - Loreto",
,,-8.31,-74.2,160,4.5,,"38 km al Este de Pucallpa, Coronel Portillo - Ucayali",
,,-16.5,-72.04,20,4.5,"IV Vitor, Arequipa","14 km al Oeste-SO de Vitor, Arequipa - Arequipa",
,,-16.1,-71.61,127,5.5,"III-IV Yura, Arequipa","18 km al Norte-NE de Yura, Arequipa - Arequipa",
,,-11.06,-74.01,114,4,,"40 km al Nor-Este de San Martin de Pangoa, Satipo - Junin",
,,-5.29,-79.99,87,4,,"29 km al Sur-Este de Chulucanas, Morropon-Piura",
,,-9.81,-78.85,35,5.5,III-IV Huarmey,82 Km al Oeste-NO de Huarmey,
,,-10.78,-74.58,25,4.2,,"53 km al Norte de Satipo, Satipo - Junin",
,,-14.42,-75.86,57,4.2,"II-III Ica, La Tinguiña","41 km al Sur-SO de Ica, Ica-Ica",
,,-2.96,-77.72,107,5,II Pastaza,"146 km al Oeste de Pastaza, Alto Amazonas-Loreto",
,,-14.98,-75.87,40,4.2,,"86 km al Oeste-NO de San Juan de Marcona, Nazca - Ica",
,,-15.16,-76.16,30,4.9,"III San Juan de Marcona, II Ica, Nazca","108km al Oeste de San Juan de Marcona, Nazca - Ica",
,,-14.71,-76.36,19,4.1,,"99 km al Sur-Oeste  de Ica, Ica - Ica",
,,-16.76,-72.05,61,4,II Mollendo,"31 Km al Norte de Mollendo - Islay, Arequipa",
,,-9.92,-75.63,21,4.1,"II Pozuzo, Huánuco",25 km al Norte-NO de Pozuzo,
,,-15.72,-73.5,127,4,,"16 km al Oeste-NO de Caraveli, Caraveli-Arequipa",
,,-12.47,-77.16,42,3.6,II Chilca,"45 km al Oeste de Chilca, Cañete - Lima",
,,-15.48,-75.05,55,5,"IV Marcona, III-IV Nazca","18 km al Sur-Este de San Juan de Marcona, Nazca - Ica",
,,-17.63,-71.25,24,4.3,III-IV Ilo - Moquegua,10 km al Este de Ilo - Moquegua,
,,-8.09,-74.32,148,4.5,,39 km al Nor-Este de Pucallpa,
,,-11.51,-78.13,52,4.9,"IV Huacho, Puerto Supe, Barranca","72 km al Sur-Oeste de Huacho, Huarua - Lima",
,,-16.84,-72.26,61,3.8,"II Quilca, Camaná","22 km al SE de Quilca, Camaná - Arequipa",
,,-10.85,-74.55,121,4.3,,"45 km al N-NE de Satipo, Satipo - Junin",
,,-15.1,-75.86,20,4.1,,"72 km al Oeste-NO de San Juan de Marcona, Nazca - Ica",
,,-6.52,-80.67,43,4.5,,"112 km al S de Sechura, Piura",
,,-7.69,-79.51,55,4.2,II San Pedro de Lloc,29 km al S de San Pedro de Lloc,
,,-8.15,-74.54,151,4.1,,"25 km al Norte de Pucallpa, Coronel Portillo-Ucayali",
,,-14.63,-71.6,16,3.4,II Huayhuahuasi,"27 km al Nor-Oeste de Espinar, espinar-Cusco",
,,-14.65,-71.6,14,3.4,II Huayhuahuasi,"26 km al Nor-Oeste de Espinar, Espinar-Cusco",
,,-14.65,-71.58,16,3.7,II-III Huayhuahuasi,"24 km al Nor-Oeste de Espinar, espinar-Cusco",
,,-14.65,-71.55,14,3.6,II Huayhuahuasi,"21 km al Nor-Oeste de Espinar, Espinar-Cusco",
,,-14.68,-71.53,17,3.2,II Huayhuahuasi,"18 km al NO de Espinar, Espinar - Cusco",
,,-14.64,-71.63,16,3.4,II Huayhuahuasi,29 km NO de Espinar. Espinar - Cusco,
,,-14.66,-71.6,16,3.8,II Huayhuahuasi,"25 km al NO de Espinar, Espinar - Cusco",
,,-14.64,-71.57,18,3.7,II Espinar,"24 km al Nor-Oeste de Espinar, Espinar-Cusco",
,,-17.4,-69.96,154,4.2,,"11 km al Nor-Este de Tarata, Tarata - Tacna",
,,-13.62,-76.36,37,4.3,"III-IV Pisco, Chincha Alta; III Paracas; II San Vicente de Cañete","20 km al Oeste-NO de Pisco, Pisco - Ica",
,,-15.68,-71.82,14,3.6,II Maca,"7 km SO de Maca, Caylloma - Arequipa",
,,-18.52,-71.18,24,4,,"100 km al Sur de Ilo, Ilo - Moquegua",
,,-14.64,-71.56,19,3.2,II Huayhuahuasi,"23 km al NO de Espinar, Espinar - Cusco",
,,-5.54,-81.2,43,4.3,II Sechura,"43 km al Oeste de Sechura, Sechura - piura",
,,-6.52,-81.22,22,4.5,,"117 km al Sur-SO de Sechura, Sechura - Piura",
,,-14.65,-71.53,18,3.4,II Huayhuahuasi,"2 km al Norte de Huayhuahuasi, Espinar - Cusco",
,,-14.65,-71.6,17,3.3,II Huayhuahuasi,"8 km al  Oeste-NO de Huayhuahuasi, Espinar - Cusco",
,,-14.66,-71.55,5,5.2,V Huayhuahuasi-Taccacca; IV Espinar; III-IV Santo Tomás Yanaoca; II Acomayo,"3 km al O-NO de Huayhuahuasi, Espinar - Cusco",
,,-14.64,-71.57,8,3.4,II Huayhuahuasi,"6 km al NO de Huayhuahuasi, Espinar-Cusco",
,,-14.63,-71.58,9,3.3,II Huayhuahuasi,"7 km al NO de Huayhuahuasi, Espinar-Cusco",
,,-14.65,-71.58,9,3.3,II Huayhuahuasi,"6 km al NO de Huayhuahuasi, Espinar - Cusco",
,,-13.92,-76.61,26,5.1,"IV Pisco, Paracas; III-IV Tambo de Mora; III Chincha Alta; Ica; II Lunahuana, Marcona","50 km al O-SO de Pisco, Pisco - Ica",
,,-14.65,-71.61,12,3.4,II Huayhuahuasi,9 km al Oeste-NO de Huayhuahuasi,
,,-15.84,-71.86,16,3.6,II Pinchollo,"23 km al Sur de Pinchollo, Caylloma-Arequipa",
,,-11.3,-78.1,64,4,II Huacho,"58 km al Oeste-SO de Huacho, Huaura - Lima",
,,-10.94,-77.13,97,4.2,"II Huacho, Huaral","55 km al E-NE de Huacho, Huara - Lima",
,,-17.13,-70.91,18,3.6,"II Moquegua, Torata","7 km N-NE de Moquegua, Mariscal Nieto - Moquegua",
,,-9.5,-75.69,127,5.2,"III Pozuzo, Oxapampa, Huánuco, Tingo María",32 km al Nor-Oeste de Codo de Pozuzo,
,,-3.47,-77.51,112,4.7,,"130 km al Norte-NE de Sta Maria de nieva, Condorcanqui-Amazomas",
,,-10.35,-75.23,18,3.8,II-III Oxapampa,"31 km al Nor-Este de Oxapampa, Oxapampa - Pasco",
,,-8.04,-76.67,143,4.8,,23 km al Nor-Oeste de Tocache Nuevo,
,,-14.8,-71.88,135,4.3,,"44 km al Sur-SE de Sto Tomás, Chumbivilcas-Cusco",
,,-6.97,-80.09,50,4,"II Pimentel, Chiclayo","24 km al Sur-Oeste de Pimentel, Chiclayo-Labanyaque",
,,-7.51,-79.97,37,4.3,,"53 km al O de San Pedro de Lloc, Pacasmayo - La Libertad",
,,-18,-70.04,105,5,"III - IV Calana, Tacna","12 km al E de Calana, Tacna - Tacna",
,,-16.34,-69.7,222,4.1,,"30 km al Oeste-SO de juli, Chucuito - Puno",
,,-18.53,-70.61,29,4.2,II Tacna,"69 km al Sur-Oeste de Tacna, Tacna-Tacna",
,,-16.91,-71.8,66,3.9,II Mollendo,"27 km al Este-NE de Mollendo, Islay - Arequipa",
,,-5.07,-77.13,117,5.3,"II Nueva Cajamarca, Sta María de Nieva, Chachapoyas, Bagua","98 km al Norte-NE de Nueva Cajamarca, Rioja - San Martín",
,,-15.74,-71.74,6,3.3,II Maca,"12 km al Sur-SE de Maca, Caylloma - Arequipa",
,,-14.66,-71.6,5,3.2,II Huayhuahuasi,7 km al Oeste de Huayhuahuasi - Espinar- Cusco,
,,-5.72,-78.79,11,3.9,III Jaen; II Cajamarca,"3 km al SE de Jaen, Jaen - Cajamarca",
,,-15.44,-72.13,152,4.5,,"17 km al E-NE de Chachas, Castilla - Arequipa",
,,-11.89,-77.72,24,3.8,II Ancón,"62 km al Oeste-SO de Ancón, Lima-Lima",
,,-14.05,-71.97,13,4.4,III Capacmarca,"3 km al Sur-SE de Capacmarca, Chumbivilcas - Cusco",
,,-17.33,-70.05,133,4.8,II Tarata,"8 km al Este-NE de Susapaya, Tarata - Tacna",
,,-15.14,-70.95,12,4.8,IV Ocuviri; III Vilavila; II Santa Lucia,"5 km al NO de Ocuviri, Lampa - Puno",
,,-16.81,-71.38,30,3.7,II Arequipa,"44 km al Oeste de Omate, General Sanchez Cerro - Moquegua",
,,-8.66,-79.4,44,3.9,,"70 km Sur-Oeste de Salaverry, Trujillo-La Libertad",
,,-14.63,-71.62,9,3.2,II Huayhuahuasi,"11 km al Oeste-NO de Huayhuahuasi, Espinar - Cusco",
,,-14.95,-75.84,28,4.5,III San Juan de Marcona,"85 km al Oeste-NO de San Juan de Marcona, Nazca - Ica",
,,-15.21,-75.31,40,4.3,"II Marcona, Nazca","22 km al NO de San Juan de Marcona, Nazca - Ica",
,,-14.18,-72.95,75,4,,"22 km al Norte-NO de Antabamba, Antabamba - Apurimac",
,,-3.81,-80.29,53,4.8,"III-IV Tumbes, III Zarumillas","33 km al Sur-Este de Tumbes, Tumbes-Tumbes",
,,-16.22,-74.47,31,4,,"48 km al Sur-SO de Chala, Caraveli - Arequipa",
,,-13.6,-76.96,33,4.3,,"83 km al oeste de Pisco, Ica - Ica",
,,-7.44,-76.26,117,4.1,,58 km al Este-SE de Juanjui - San Martín,
,,-12.57,-77.07,36,3.7,II Chilca,"36 km al Oeste de Chilca, Cañete - Lima",
,,-9.18,-79.27,34,3.6,II Chimbote,"76 km al O de Chimbote, Santa - Ancash",
,,-15.9,-74.12,48,4,,"14 km al Este-SE de Chala, Caraveli - Arequipa",
,,-19.85,-69.93,97,6.2,"IV Tacna, III Ilo,  II Arequipa","208 km al Sur de Tacna, Tacna - Tacna.",
,,-14.27,-73.54,99,4,,32 km al Oeste de Chalhuanca - Apurimac,
,,-18.35,-70.15,93,4.1,,33 Km al SE de Calana - Tacna,
,,-2.87,-76.86,145,4.3,,51 km al Oeste de Pastaza-Loreto,
,,-15.43,-74.35,77,5.1,"III-IV Acarí, Yauca; III Chala; II Ica, Marcona, Nazca, Caraveli",27 km al Este de Acarí - Arequipa,
,,-14.65,-71.62,7,3.2,II Huayhuahuasi,"10 km al Oeste-NO de Huayhuahuasi, Espinar-Cusco",
,,-15.62,-71.77,11,3.4,"II Lari, Maca, Madrigal, Pinchollo","01 km al Oeste-NO de Lari, Caylloma-Arequipa",
,,-17.53,-70.44,22,3.8,II - III Ilabaya,"14 km al Sur-SE de Ilabaya, Jorge Basadre - Tacna",
,,-4.88,-78.73,20,4,,40 km al NE de San Ignacio - Cajamarca,
,,-9.1,-75.21,123,4.1,,"33 km al Este-SE de Aguaytia, Padre Abad - Ucayali",
,,-14.31,-76.08,48,4,,"47 km al Oeste-SE de Ica, Ica - Ica",
,,-9.3,-77.63,8,3.4,II-III Carhuaz,"2 km al Sur-Este de Carhuaz, Carhuaz - Ancash",
,,-18.72,-70.79,24,4.3,II Tacna,"97 km al SO de Tacna, Tacna - Taca",
,,-15.73,-72,16,3.6,"II-III Huambo, Cabanaconde","11 km al Este de Huambo, Caylloma - Arequipa",
,,-16.14,-72.33,104,4,,"19 km al Este-SE de Aplao, Castilla-Arequipa",
,,-5.63,-76.69,113,4.1,,"55 km al Nor-Este de Moyobamba, Moyobamba-San Martín",
,,-13.42,-71.96,12,4.1,"III-IV Cusco, Calca; III Urubamba; II Urcos","10 km al Norte de Cusco, Cusco-Cusco",
,,-11.8,-75.09,11,4.1,II-III Huancayo,"32 km al N-NE de Huancayo, Huancayo -Junin",
,,-16.78,-71.72,27,4.1,"III Vitor, Mollendo, Arequipa","42 km al Sur-SE de Vitor, Arequipa - Arequipa",
,,-8.52,-77.57,18,3.5,II Sihuas,"08 km al Este-NE de Sihuas, Sihuas - Ancash",
,,-15.43,-73,108,4.1,,"27 km al S-SO de Cotahuasi, La Union - Arequipa",
,,-15.41,-74.07,94,4,,"35 km al SO de Pullo, Parinacochas - Ayacucho",
,,-8.56,-74.41,140,4.2,,"25 km al S-SE de Pucallpa, Coronel Portillo - Ucayali",
,,-16.76,-70.6,11,3.7,II-III Calacoa,"2 km al Sur-Este del Volcan Ticcsani, Mariscal Nieto - Moquegua",
,,-15.66,-71.71,13,3.6,II Maca,"7 Km al Este-SE de Maca, Caylloma - Arequipa",
,,-15.66,-71.83,11,3.3,"II Pinchollo, Maca","2 km al Sur-SO de Pinchollo, Caylloma - Arequipa",
,,-16.85,-72.29,35,3.7,II Quilca,"20 km al sur-Este de Quilca, Camaná - Arequipa",
,,-16.26,-74.6,18,4.5,II Chala,"60 km al Sur-Oeste de Chala, Caravelí - Arequipa",
,,-9.95,-78.96,46,5.7,"V Casma, Chimbote, Samanco, Huarmey","90 km al SO de Casma, Casma - Ancash",
,,-9.95,-78.92,44,4.7,"III Casma, Chimbote, Samanco, Huarmey","86 km al SO de Casma, Casma - Ancash",
,,-16.39,-74.03,26,4.7,II Atico,"48 km al Oeste-SO de Atico, Caravelí-Arequipa",
,,-8.2,-76.26,134,4.1,,"28 km al E de Tocache Nuevo, Tocache - San Martin",
,,-9.12,-79,69,4,"II Chimbote, Santa - Ancash","46 km al Oeste de Chimbote, Santa - Ancash",
,,-14.83,-74.08,114,4.7,,"16 km al Sur-SE de Puquio, Lucanas - Ayacucho",
,,-11.39,-78.07,68,4.5,"III Huacho, Huaral; II Ancón, Callao, Lima","59 km al Oeste-SO de Huacho, Huaura-Lima",
,,-9.82,-78.92,42,3.8,II  en  Huarmey,78 Km al Sur-Oeste de Casma - Ancash,
,,-13.75,-70.45,12,3.7,II-III San Gaban,"32 km al  Sur de San Gaban, Carabaya - Puno",
,,-6.39,-78.79,30,4,II-III Cutervo,"4 km al Este-SE de Cutervo, Cutervo - Cajamarca",
,,-16.68,-72.59,23,3.8,"II Quilca, Camaná","15 km al Este-SE de Camaná, Camaná - Arequipa",
,,-14.65,-71.57,15,3.5,II-III Huayhuahuasi,"5 Km al Oeste-NO de Huahuahuasi, Espinar, Cuzco",
,,-5.67,-76.96,15,4.2,,"47 km al N de Moyobamba, Moyobamba - San Martin",
,,-7.14,-75.95,121,4.3,,"65 km al Este-SE de Picota, Picota - San Martin",
,,-12.59,-75.44,107,4,,"33 km al Sur-SO de Huasicancha, Huancayo - Junín",
,,-11.33,-73.19,33,4,,"92 km al Sur-Este de Atalaya, Atalaya - Ucayali",
,,-15.71,-71.98,11,3.4,II Cabanaconde,"10 km al Sur de Cabanaconde, Caylloma - Arequipa",
,,-15.55,-72.64,132,4,,"17 km al Nor-Oeste de Viraco, Castilla - Arequipa",
,,-10.6,-74.06,118,4,,"35 km al Oeste-NO de Atalaya, Atalaya - Ucayali",
,,-9.66,-75.87,12,3.8,II Panao,"27 km al Norte-NE de Panao, Pachitea - Huánuco",
,,-11.51,-73.28,26,4,,"102 km al sur-SE de Atalaya, Ucayali - Ucayali",
,,-10.64,-78.66,26,4.2,,"84 km al Sur-Oeste de Huarmey, Huarmey - Ancash",
,,-11.34,-73.68,139,4.3,,"70 km al Este de San Maatín de Pangoa, Satipo-Junín",
,,-17.42,-73.16,26,4.1,,101 km al SO de Camana - Arequipa,
,,-8.02,-74.57,173,4,,"39 km al Norte de Pucallpa, Coronel Portillo-Ucayali",
,,-10.71,-74.31,126,4.2,,"61 km al Norte de San Martín de Pangoa, Satipo - Junín",
,,-17.41,-71.53,40,4.1,"II Punta de Bombon, Ica, Arequipa","38 km al Sur-Este de Punta de Bombon, Islay - Arequipa",
,,-15.64,-71.83,14,3.5,"II Maca, Pinchollo","1 km al Oeste de Pinchollo, Caylloma - Arequipa",
,,-7.34,-74.4,170,4.3,,"68 km al Este de Contamana, Ucayali - Loreto",
,,-14.44,-76.03,47,4.2,II-III Ica,"53 km al Sur-Oeste de Ica, Ica - Ica",
,,-15.65,-73.05,104,4,,"36 km al Este-NE de Caravelí, Caravelí-Arequipa",
,,-15.83,-71.95,9,3.4,II Huambo,"21 km al Este-SE de Huambo, Caylloma-Arequipa",
,,-15.12,-76.16,40,4.9,"III-IV Marcona;  III Nazca, Yauca, Ica; II Chala, Chincha, Palpa, Tibillo, Pullo","110 Km al Oeste-NO de San Juan de Marcona, Nazca - Ica",
,,-7.57,-74.75,158,4.5,,"38 km al Sur-Este de Contamana, Ucayali - Looreto",
,,-14.57,-70.74,196,4,,"16 km al Sur-Oeste de Nuñoa, Melgar - Puno",
,,-10.47,-75.29,31,4.4,II Oxapampa,"17 km al Norte-Este de Oxapampa, Oxapampa-Pasco",
,,-15.73,-72.03,14,3.3,II Huambo,"8 km al Este de Huambo, Caylloma - Arequipa",
,,-9.92,-78.88,34,4.1,II Casma,"81 km al Sur-Oeste de Casma, Casma - Ancash",
,,-11.04,-74.77,119,4,,"28 km al Norte-NO de Satipo, Satipo - Junín",
,,-4.65,-78.58,57,4.4,"II-III Santa María de Nieva, San Ignacio","79 km al Oeste de Santa María de Nieva, Condorcanqui - Amazonas",
,,-4.08,-80.31,52,4,,"60 km al al Sur-Este de Zorritos, Contralmirante Villar - Tumbes",
,,-9.31,-75.29,141,4.3,"II Puerto Inca, Huánuco",37 km al Oeste-NO de Puerto Inca - Huánuco,
,,-12.65,-76.81,36,3.9,II-III Chilca,"18 km al Sur-SO de Chilca, Cañete - Lima",
,,-18.05,-70.01,135,4.3,,"26 km al este de Tacna, Tacna",
,,-9.06,-75.04,30,4,II Puerto Inca,"37 km al Norte-NO de Puerto Inca, Puerto Inca - Huánuco",
,,-15.71,-71.91,10,3.5,II Pinchollo,"12 km al Sur-Oeste de Pinchollo, Caylloma - Arequipa",
,,-7.35,-76.85,47,4,,"24 km al Sur-Oeste de Juanjui, Mariscal Cáceres - San Martin",
,,-7.4,-76.21,121,4.1,,"61 km al Este-SE de Juanjui, Mariscal Caceres - San Martin",
,,-10.13,-74.93,28,4.3,II Puerto Bermúdez,"19 km al Norte-NE de Puerto Bermúdez, Oxapampa-Pasco",
,,-5.16,-81.12,41,4,II Paita,09 km al Sur de Paita,
,,-10.34,-75.56,13,4.1,"III Huancabamba; II Santa Isabel, Oxapampa, Pozuzo",07 km al Nor-Oeste de Huancabamba,
,,-11.21,-76.74,126,4.1,,"32 Km al Norte-NO de Canta, Canta - Lima",
,,-2.99,-75.66,167,5,,"83 Km al este de Pastaza, Alto Amazonas - Loreto",
,,-18.34,-71.36,43,4.2,,"79 Km al Sur de Ilo, Ilo - Moquegua",
,,-8.27,-75.03,101,4.2,,"23 km al NE de Curimana, Padre Abad - Ucayali",
,,-17.82,-69.54,18,4.3,,"65 km al Sur-Este de Tarata, Tacna-Tacna",
,,-9.59,-75.66,127,4.5,"II Codo del Pozuzo, Huánuco","23 km al Oeste-NO de Codo del Pozuzo, Puerto Inca - Huánuco",
,,-5.68,-78.82,17,3.7,II Jaen,"3 km al Norte-NO de Jaen, Jaen - Cajamarca",
,,-8.28,-75.87,34,4.3,,"70 km al E-NE de Uchiza, Tocache - San Martin",
,,-13.15,-74.19,12,3.3,II Ayacucho,"4 km al Este-NE de Ayacucho, Huamanga - Ayacucho",
,,-6.42,-81.45,25,3.9,,"120 km al Sur-Oeste de Sechura, Sechura-Piura",
,,-14.87,-71.91,129,4,,"43 km al Oeste de Coporaque, Espinar - Cusco",
,,-8.96,-79.39,49,4.1,,"96 km al Sur-SO de Salaverry, Trujillo - La Libertad",
,,-9.87,-75.16,19,4.1,II Codo del Pozuzo,"40 km al Este-SE de Codo del Pozuzo, Puerto Inca - Huanuco",
,,-16.11,-73.29,74,4.3,"II-III Atico, Caraveli","37 km al Este-NE de Atico, Caraveli - Arequipa",
,,-14.43,-71.24,10,3.2,"II Langui, Kunturkanki, Layo","3 km al Este de Langui, Canas - Cusco",
,,-8.35,-78.79,91,4.3,,"25km al SE de Salaverry, Trujillo - La Libertad",
,,-4.67,-75.64,105,4.2,,"146 km al Norte-NE de Yurimaguas, Alto Amazonas-Loreto",
,,-9.54,-78.21,110,4.3,"II – III Casma, II Samanco, Huarmey, Ancash, Carhuaz","13 km al Sur-Este de Casma, Casma - Ancash",
,,-11.67,-75.78,125,4.2,,"20 Km al S de La Oroya, Yauli - Junin",
,,-10.41,-75.4,14,4.3,"III Huancabamba; II Oxapampa, Pozuzo","14 km al Nor-Oeste de Huancabamba, Oxapampa - Pasco",
,,-18.21,-71.29,23,4,,"63 km al Sur de Ilo, Ilo - Moquegua",
,,-15.93,-74.2,54,4,,"10 km al Sur-SE de Chala, Carveli - Arequipa",
,,-14.4,-76,28,4,II Ica,"47 km al Sur-Oeste de Ica, Ica - Ica",
,,-16.39,-69.8,206,4.3,,"28 km al Norte-NO de Conduriri, El Collao - Puno",
,,-15.6,-72.81,111,3.9,,"29 km al Oeste-NO de Pampacolca, Castilla-Arequipa",
,,-14.69,-75.26,46,4,,"20 km al Sur-SO de Palpa, Palpa - Ica",
,,-15.43,-72.2,129,4,,"12 km al Nor-Este de Chachas, Castilla - Arequipa",
,,-15.63,-71.86,12,3.6,"II-III Pinchollo, Maca","5 km al Oeste de Pinchollo, Caylloma - Arequipa",
,,-10.43,-78.94,29,4.4,"II-III Huarmey; II  Casma, Barranca","96 km al O-SO de Huarmey, Huarmey - Ancash",
,,-16.06,-73.3,83,4.2,,"33 km al Sur de Caraveli, Caraveli-Arequipa",
,,-19.93,-69.62,116,5.1,II-III Tacna,223 km al Sur-SE de Tacna,
,,-19.93,-69.62,116,5.1,II-III Tacna,223 km al Sur-SE de Tacna,
,,-15.2,-70.91,14,3.3,II Ocuviri,"3 km al Sur-SE de Ocuviri, Lampa-Puno",
,,-13.29,-76.48,57,4.1,"II San Vicente de Cañete, Chincha","26 km al Sur-SO de San Vicente de Cañete, Cañete - Lima",
,,-16.09,-73.91,39,3.9,II Atico,"33 km al Oeste-NO de Atico, Caraveli - Arequipa",
